week,startCode,destCode,amount
1,KABQ,KJFK,5
1,KATL,KBOS,8
1,KATL,KFLL,15
1,KATL,KJFK,10
1,KAUS,KBOS,8
1,KAUS,KFLL,4
1,KAUS,KJFK,10
1,KBNA,KBOS,5
1,KBNA,KFLL,5
1,KBOS,KATL,8
1,KBOS,KAUS,5
1,KBOS,KBNA,5
1,KBOS,KBOS,15
1,KBOS,KBUF,15
1,KBOS,KBWI,14
1,KBOS,KCLE,2
1,KBOS,KCLT,9
1,KBOS,KDCA,34
1,KBOS,KDEN,2
1,KBOS,KDFW,5
1,KBOS,KDTW,12
1,KBOS,KEWR,26
1,KBOS,KFLL,35
1,KBOS,KIAH,5
1,KBOS,KJFK,20
1,KBOS,KLAS,12
1,KBOS,KLAX,19
1,KBOS,KLGA,24
1,KBOS,KMCO,3
1,KBOS,KMSP,8
1,KBOS,KORD,12
1,KBOS,KPHL,34
1,KBOS,KPHX,5
1,KBOS,KRDU,16
1,KBOS,KROC,5
1,KBOS,KRSW,20
1,KBOS,KSAN,9
1,KBOS,KSEA,9
1,KBOS,KSFB,1
1,KBOS,KSFO,20
1,KBOS,KSJC,4
1,KBOS,KSRQ,2
1,KBOS,KTPA,20
1,KBUF,KBOS,15
1,KBUF,KFLL,5
1,KBUF,KJFK,30
1,KBUF,KLAX,4
1,KBUF,KMCO,1
1,KBWI,KBOS,14
1,KCLE,KBOS,13
1,KCLE,KFLL,5
1,KCLT,KBOS,15
1,KDCA,KBOS,35
1,KDCA,KDCA,3
1,KDCA,KFLL,23
1,KDCA,KMCO,1
1,KDCA,KRSW,5
1,KDEN,KBOS,8
1,KDEN,KJFK,5
1,KDFW,KBOS,5
1,KDTW,KBOS,13
1,KEWR,KBOS,25
1,KEWR,KEWR,3
1,KEWR,KFLL,24
1,KEWR,KJFK,2
1,KEWR,KLGA,2
1,KEWR,KMCO,5
1,KEWR,KRSW,5
1,KEWR,KTPA,10
1,KFLL,KATL,14
1,KFLL,KAUS,2
1,KFLL,KBNA,6
1,KFLL,KBOS,41
1,KFLL,KBUF,5
1,KFLL,KBWI,1
1,KFLL,KCLE,2
1,KFLL,KDCA,23
1,KFLL,KEWR,25
1,KFLL,KFLL,5
1,KFLL,KJFK,50
1,KFLL,KLAS,5
1,KFLL,KLAX,14
1,KFLL,KLGA,20
1,KFLL,KORD,5
1,KFLL,KPHL,9
1,KFLL,KPHX,4
1,KFLL,KPVD,3
1,KFLL,KRDU,10
1,KFLL,KSAN,5
1,KFLL,KSFO,10
1,KFLL,KSLC,2
1,KIAH,KBOS,5
1,KIAH,KJFK,5
1,KJFK,KABQ,6
1,KJFK,KATL,9
1,KJFK,KAUS,7
1,KJFK,KBOS,22
1,KJFK,KBUF,30
1,KJFK,KDEN,3
1,KJFK,KEWR,2
1,KJFK,KFLL,48
1,KJFK,KIAH,5
1,KJFK,KJFK,53
1,KJFK,KLAS,5
1,KJFK,KLAX,46
1,KJFK,KLGA,1
1,KJFK,KMCO,4
1,KJFK,KMSP,1
1,KJFK,KOAK,5
1,KJFK,KONT,1
1,KJFK,KORD,5
1,KJFK,KPDX,5
1,KJFK,KPHX,5
1,KJFK,KRDU,10
1,KJFK,KROC,15
1,KJFK,KRSW,8
1,KJFK,KSAN,9
1,KJFK,KSEA,5
1,KJFK,KSFO,24
1,KJFK,KSJC,4
1,KJFK,KSMF,5
1,KJFK,KSRQ,1
1,KJFK,KTPA,18
1,KLAS,KBOS,18
1,KLAS,KFLL,5
1,KLAS,KJFK,15
1,KLAX,KBOS,19
1,KLAX,KBUF,5
1,KLAX,KFLL,12
1,KLAX,KJFK,48
1,KLGA,KBOS,22
1,KLGA,KFLL,18
1,KLGA,KJFK,1
1,KLGA,KLGA,4
1,KLGA,KMCO,2
1,KMCO,KJFK,1
1,KMSP,KBOS,9
1,KOAK,KJFK,6
1,KONT,KJFK,5
1,KORD,KBOS,13
1,KORD,KFLL,4
1,KORD,KJFK,5
1,KPDX,KJFK,5
1,KPHL,KBOS,32
1,KPHL,KFLL,9
1,KPHX,KBOS,5
1,KPHX,KFLL,5
1,KPHX,KJFK,5
1,KPIT,KBOS,5
1,KPVD,KBOS,1
1,KPVD,KFLL,2
1,KRDU,KBOS,12
1,KRDU,KFLL,7
1,KRDU,KJFK,12
1,KROC,KBOS,5
1,KROC,KJFK,15
1,KRSW,KBOS,24
1,KRSW,KDCA,5
1,KRSW,KEWR,6
1,KRSW,KJFK,10
1,KSAN,KBOS,9
1,KSAN,KFLL,3
1,KSAN,KJFK,9
1,KSEA,KBOS,9
1,KSEA,KJFK,5
1,KSFO,KBOS,20
1,KSFO,KFLL,7
1,KSFO,KJFK,24
1,KSJC,KBOS,5
1,KSJC,KJFK,5
1,KSMF,KJFK,5
1,KSRQ,KBOS,4
1,KSRQ,KJFK,6
1,KSYR,KBOS,3
1,KSYR,KJFK,6
1,KTPA,KBOS,18
1,KTPA,KEWR,10
1,KTPA,KJFK,18
2,KABQ,KJFK,4
2,KATL,KBOS,25
2,KATL,KFLL,20
2,KATL,KJFK,13
2,KAUS,KBOS,8
2,KAUS,KFLL,7
2,KAUS,KJFK,14
2,KBDL,KTPA,1
2,KBNA,KBOS,12
2,KBNA,KFLL,6
2,KBOS,KATL,25
2,KBOS,KAUS,8
2,KBOS,KBNA,11
2,KBOS,KBOS,18
2,KBOS,KBUF,25
2,KBOS,KBWI,28
2,KBOS,KCLE,2
2,KBOS,KCLT,19
2,KBOS,KDCA,91
2,KBOS,KDEN,5
2,KBOS,KDFW,11
2,KBOS,KDTW,16
2,KBOS,KEWR,43
2,KBOS,KFLL,37
2,KBOS,KIAH,7
2,KBOS,KJFK,38
2,KBOS,KLAS,20
2,KBOS,KLAX,24
2,KBOS,KLGA,36
2,KBOS,KMCO,1
2,KBOS,KMSP,17
2,KBOS,KORD,30
2,KBOS,KPHL,49
2,KBOS,KPHX,5
2,KBOS,KPIT,1
2,KBOS,KRDU,34
2,KBOS,KROC,7
2,KBOS,KRSW,25
2,KBOS,KSAN,14
2,KBOS,KSEA,13
2,KBOS,KSFB,1
2,KBOS,KSFO,31
2,KBOS,KSJC,1
2,KBOS,KSRQ,6
2,KBOS,KTPA,25
2,KBUF,KBOS,26
2,KBUF,KFLL,7
2,KBUF,KJFK,34
2,KBUF,KLAX,2
2,KBWI,KBOS,29
2,KCLE,KBOS,23
2,KCLE,KFLL,7
2,KCLT,KBOS,29
2,KDCA,KBOS,87
2,KDCA,KDCA,2
2,KDCA,KFLL,37
2,KDCA,KLGA,1
2,KDCA,KMCO,2
2,KDCA,KRSW,12
2,KDEN,KBOS,12
2,KDEN,KJFK,7
2,KDFW,KBOS,11
2,KDTW,KBOS,22
2,KEWR,KBOS,44
2,KEWR,KEWR,2
2,KEWR,KFLL,37
2,KEWR,KLGA,4
2,KEWR,KMCO,1
2,KEWR,KRSW,10
2,KEWR,KSFB,2
2,KEWR,KTPA,14
2,KFLL,KATL,21
2,KFLL,KAUS,2
2,KFLL,KBNA,7
2,KFLL,KBOS,35
2,KFLL,KBUF,7
2,KFLL,KCLE,4
2,KFLL,KDCA,33
2,KFLL,KEWR,35
2,KFLL,KFLL,15
2,KFLL,KJFK,53
2,KFLL,KLAS,11
2,KFLL,KLAX,24
2,KFLL,KLGA,25
2,KFLL,KORD,7
2,KFLL,KPHL,12
2,KFLL,KPHX,7
2,KFLL,KPVD,7
2,KFLL,KRDU,14
2,KFLL,KSAN,3
2,KFLL,KSFO,17
2,KFLL,KSLC,3
2,KFLL,KTPA,1
2,KIAH,KBOS,5
2,KIAH,KJFK,7
2,KJFK,KABQ,4
2,KJFK,KATL,14
2,KJFK,KAUS,10
2,KJFK,KBOS,41
2,KJFK,KBUF,35
2,KJFK,KDEN,1
2,KJFK,KEWR,1
2,KJFK,KFLL,49
2,KJFK,KIAH,7
2,KJFK,KJFK,48
2,KJFK,KLAS,16
2,KJFK,KLAX,52
2,KJFK,KMCO,1
2,KJFK,KOAK,4
2,KJFK,KONT,2
2,KJFK,KORD,13
2,KJFK,KPDX,4
2,KJFK,KPHX,7
2,KJFK,KRDU,13
2,KJFK,KROC,20
2,KJFK,KRSW,12
2,KJFK,KSAN,11
2,KJFK,KSEA,8
2,KJFK,KSFB,1
2,KJFK,KSFO,36
2,KJFK,KSJC,4
2,KJFK,KSMF,4
2,KJFK,KSRQ,7
2,KJFK,KSYR,1
2,KJFK,KTPA,18
2,KLAS,KBOS,27
2,KLAS,KFLL,10
2,KLAS,KJFK,27
2,KLAX,KBOS,23
2,KLAX,KBUF,4
2,KLAX,KFLL,20
2,KLAX,KJFK,63
2,KLAX,KMCO,1
2,KLGA,KBOS,35
2,KLGA,KDCA,1
2,KLGA,KFLL,28
2,KLGA,KJFK,1
2,KLGA,KLGA,2
2,KLGA,KMCO,1
2,KLGA,KSFB,1
2,KMCO,KBOS,1
2,KMSP,KBOS,20
2,KOAK,KJFK,4
2,KONT,KJFK,6
2,KORD,KBOS,28
2,KORD,KFLL,7
2,KORD,KJFK,13
2,KORD,KSFO,1
2,KPDX,KJFK,4
2,KPHL,KBOS,45
2,KPHL,KFLL,12
2,KPHX,KBOS,7
2,KPHX,KFLL,6
2,KPHX,KJFK,7
2,KPIT,KBOS,7
2,KPVD,KFLL,1
2,KPVD,KSFB,1
2,KRDU,KBOS,28
2,KRDU,KFLL,11
2,KRDU,KJFK,13
2,KROC,KBOS,8
2,KROC,KJFK,21
2,KRSW,KBOS,25
2,KRSW,KDCA,13
2,KRSW,KEWR,11
2,KRSW,KJFK,12
2,KSAN,KBOS,14
2,KSAN,KFLL,4
2,KSAN,KJFK,11
2,KSEA,KBOS,11
2,KSEA,KJFK,9
2,KSFO,KBOS,30
2,KSFO,KFLL,16
2,KSFO,KJFK,36
2,KSJC,KBOS,2
2,KSJC,KJFK,5
2,KSJC,KSJC,1
2,KSMF,KJFK,6
2,KSRQ,KBOS,6
2,KSRQ,KJFK,7
2,KSYR,KBOS,5
2,KSYR,KJFK,9
2,KTPA,KBOS,28
2,KTPA,KEWR,13
2,KTPA,KJFK,17
3,KABQ,KJFK,4
3,KATL,KBOS,28
3,KATL,KFLL,20
3,KATL,KJFK,14
3,KATL,KRDU,1
3,KAUS,KBOS,7
3,KAUS,KFLL,7
3,KAUS,KJFK,12
3,KAUS,KMCO,1
3,KBNA,KBOS,10
3,KBNA,KFLL,7
3,KBOS,KATL,28
3,KBOS,KAUS,7
3,KBOS,KBFI,1
3,KBOS,KBNA,10
3,KBOS,KBOS,22
3,KBOS,KBUF,13
3,KBOS,KBWI,23
3,KBOS,KCLE,6
3,KBOS,KCLT,8
3,KBOS,KDCA,91
3,KBOS,KDEN,5
3,KBOS,KDFW,11
3,KBOS,KDTW,15
3,KBOS,KEWR,49
3,KBOS,KFLL,33
3,KBOS,KIAH,7
3,KBOS,KJFK,41
3,KBOS,KLAS,16
3,KBOS,KLAX,22
3,KBOS,KLGA,37
3,KBOS,KMCO,1
3,KBOS,KMSP,16
3,KBOS,KORD,27
3,KBOS,KPHL,47
3,KBOS,KPHX,7
3,KBOS,KRDU,31
3,KBOS,KROC,7
3,KBOS,KRSW,32
3,KBOS,KSAN,17
3,KBOS,KSEA,11
3,KBOS,KSFB,5
3,KBOS,KSFO,34
3,KBOS,KSRQ,7
3,KBOS,KTPA,27
3,KBUF,KBOS,20
3,KBUF,KBUF,1
3,KBUF,KFLL,7
3,KBUF,KJFK,31
3,KBUF,KLAX,1
3,KBWI,KBOS,25
3,KCLE,KBOS,21
3,KCLE,KFLL,7
3,KCLT,KBOS,28
3,KDCA,KBOS,92
3,KDCA,KDCA,4
3,KDCA,KFLL,38
3,KDCA,KRSW,14
3,KDCA,KSFB,1
3,KDEN,KBOS,11
3,KDEN,KJFK,7
3,KDEN,KLAS,2
3,KDFW,KBOS,11
3,KDTW,KBOS,2
3,KEWR,KBOS,49
3,KEWR,KDCA,1
3,KEWR,KEWR,2
3,KEWR,KFLL,34
3,KEWR,KJFK,1
3,KEWR,KLGA,3
3,KEWR,KRSW,11
3,KEWR,KSFB,1
3,KEWR,KTPA,14
3,KFLL,KATL,19
3,KFLL,KAUS,3
3,KFLL,KBNA,6
3,KFLL,KBOS,34
3,KFLL,KBUF,7
3,KFLL,KCLE,3
3,KFLL,KDCA,35
3,KFLL,KEWR,35
3,KFLL,KFLL,6
3,KFLL,KJFK,44
3,KFLL,KLAS,11
3,KFLL,KLAX,21
3,KFLL,KLGA,24
3,KFLL,KORD,7
3,KFLL,KPHL,13
3,KFLL,KPHX,6
3,KFLL,KPVD,4
3,KFLL,KRDU,13
3,KFLL,KSAN,3
3,KFLL,KSFO,17
3,KFLL,KSLC,1
3,KIAH,KBOS,5
3,KIAH,KJFK,7
3,KJFK,KABQ,3
3,KJFK,KATL,14
3,KJFK,KAUS,4
3,KJFK,KBOS,42
3,KJFK,KBUF,21
3,KJFK,KEWR,1
3,KJFK,KFLL,43
3,KJFK,KIAH,6
3,KJFK,KJFK,41
3,KJFK,KLAS,12
3,KJFK,KLAX,46
3,KJFK,KMSP,1
3,KJFK,KOAK,4
3,KJFK,KONT,1
3,KJFK,KORD,12
3,KJFK,KPDX,4
3,KJFK,KPHX,7
3,KJFK,KRDU,12
3,KJFK,KROC,21
3,KJFK,KRSW,13
3,KJFK,KSAN,11
3,KJFK,KSEA,12
3,KJFK,KSFB,1
3,KJFK,KSFO,40
3,KJFK,KSJC,3
3,KJFK,KSMF,5
3,KJFK,KSRQ,7
3,KJFK,KTPA,20
3,KLAS,KBOS,25
3,KLAS,KCLE,1
3,KLAS,KFLL,10
3,KLAS,KJFK,23
3,KLAX,KBOS,22
3,KLAX,KBUF,3
3,KLAX,KFLL,25
3,KLAX,KJFK,61
3,KLAX,KMCO,4
3,KLGA,KBOS,37
3,KLGA,KDCA,1
3,KLGA,KFLL,26
3,KLGA,KLGA,2
3,KMCO,KBOS,1
3,KMSP,KBOS,19
3,KMSP,KONT,1
3,KOAK,KJFK,4
3,KONT,KJFK,4
3,KONT,KSAN,1
3,KORD,KBOS,27
3,KORD,KFLL,7
3,KORD,KJFK,15
3,KPDX,KJFK,5
3,KPHL,KBOS,43
3,KPHL,KFLL,11
3,KPHX,KBOS,7
3,KPHX,KFLL,7
3,KPHX,KJFK,7
3,KPIT,KBOS,6
3,KPVD,KBOS,1
3,KPVD,KFLL,4
3,KRDU,KBOS,25
3,KRDU,KFLL,12
3,KRDU,KJFK,11
3,KROC,KBOS,7
3,KROC,KJFK,21
3,KRSW,KBOS,34
3,KRSW,KDCA,12
3,KRSW,KEWR,12
3,KRSW,KFLL,1
3,KRSW,KJFK,13
3,KSAN,KBOS,18
3,KSAN,KFLL,4
3,KSAN,KJFK,11
3,KSEA,KBOS,11
3,KSEA,KJFK,12
3,KSFO,KBOS,33
3,KSFO,KFLL,16
3,KSFO,KJFK,37
3,KSJC,KJFK,4
3,KSLC,KFLL,1
3,KSLC,KJFK,1
3,KSMF,KJFK,6
3,KSRQ,KBOS,7
3,KSRQ,KJFK,7
3,KSYR,KBOS,4
3,KSYR,KJFK,4
3,KTPA,KBOS,27
3,KTPA,KEWR,13
3,KTPA,KJFK,21
4,KABQ,KJFK,4
4,KATL,KBOS,29
4,KATL,KFLL,13
4,KATL,KJFK,13
4,KATL,KMCO,1
4,KAUS,KBOS,11
4,KAUS,KFLL,6
4,KAUS,KJFK,13
4,KBDL,KRSW,1
4,KBNA,KBOS,9
4,KBNA,KFLL,6
4,KBOS,KATL,28
4,KBOS,KAUS,4
4,KBOS,KBFI,1
4,KBOS,KBNA,9
4,KBOS,KBOS,19
4,KBOS,KBUF,15
4,KBOS,KBWI,23
4,KBOS,KCLE,6
4,KBOS,KCLT,11
4,KBOS,KDCA,92
4,KBOS,KDEN,3
4,KBOS,KDFW,12
4,KBOS,KDTW,14
4,KBOS,KEWR,48
4,KBOS,KFLL,31
4,KBOS,KIAH,6
4,KBOS,KJFK,40
4,KBOS,KLAS,17
4,KBOS,KLAX,25
4,KBOS,KLGA,37
4,KBOS,KMCO,2
4,KBOS,KMSP,15
4,KBOS,KORD,26
4,KBOS,KPHL,47
4,KBOS,KPHX,5
4,KBOS,KPIT,2
4,KBOS,KRDU,30
4,KBOS,KROC,7
4,KBOS,KRSW,34
4,KBOS,KSAN,16
4,KBOS,KSEA,12
4,KBOS,KSFO,30
4,KBOS,KSRQ,7
4,KBOS,KTPA,27
4,KBUF,KBOS,20
4,KBUF,KFLL,7
4,KBUF,KJFK,32
4,KBUF,KLAX,1
4,KBWI,KBOS,26
4,KCLE,KBOS,20
4,KCLE,KFLL,7
4,KCLT,KBOS,22
4,KDCA,KBOS,94
4,KDCA,KDCA,3
4,KDCA,KFLL,37
4,KDCA,KLGA,1
4,KDCA,KRSW,14
4,KDEN,KBOS,12
4,KDEN,KJFK,8
4,KDFW,KBOS,12
4,KDTW,KBOS,10
4,KEWR,KBOS,48
4,KEWR,KFLL,34
4,KEWR,KJFK,1
4,KEWR,KLGA,1
4,KEWR,KMCO,2
4,KEWR,KRSW,11
4,KEWR,KTPA,14
4,KFLL,KATL,14
4,KFLL,KAUS,3
4,KFLL,KBNA,7
4,KFLL,KBOS,33
4,KFLL,KBUF,7
4,KFLL,KCLE,6
4,KFLL,KDCA,37
4,KFLL,KEWR,39
4,KFLL,KFLL,4
4,KFLL,KJFK,48
4,KFLL,KLAS,10
4,KFLL,KLAX,26
4,KFLL,KLGA,26
4,KFLL,KORD,7
4,KFLL,KPHL,13
4,KFLL,KPHX,7
4,KFLL,KPVD,7
4,KFLL,KRDU,14
4,KFLL,KSAN,4
4,KFLL,KSFO,18
4,KFLL,KSLC,1
4,KIAH,KBOS,5
4,KIAH,KJFK,7
4,KJFK,KABQ,4
4,KJFK,KATL,14
4,KJFK,KAUS,8
4,KJFK,KBFI,1
4,KJFK,KBOS,41
4,KJFK,KBUF,27
4,KJFK,KDEN,2
4,KJFK,KEWR,3
4,KJFK,KFLL,42
4,KJFK,KIAH,6
4,KJFK,KJFK,38
4,KJFK,KLAS,13
4,KJFK,KLAX,48
4,KJFK,KMCO,2
4,KJFK,KOAK,4
4,KJFK,KONT,1
4,KJFK,KORD,14
4,KJFK,KPDX,4
4,KJFK,KPHX,7
4,KJFK,KRDU,13
4,KJFK,KROC,21
4,KJFK,KRSW,13
4,KJFK,KSAN,11
4,KJFK,KSEA,10
4,KJFK,KSFB,1
4,KJFK,KSFO,45
4,KJFK,KSJC,4
4,KJFK,KSMF,5
4,KJFK,KSRQ,6
4,KJFK,KTPA,21
4,KLAS,KBOS,26
4,KLAS,KFLL,11
4,KLAS,KJFK,19
4,KLAX,KBOS,24
4,KLAX,KBUF,4
4,KLAX,KFLL,24
4,KLAX,KJFK,59
4,KLGA,KBOS,36
4,KLGA,KDCA,2
4,KLGA,KFLL,28
4,KLGA,KLGA,2
4,KLGA,KMCO,3
4,KMCO,KBOS,1
4,KMCO,KEWR,1
4,KMSP,KBOS,19
4,KOAK,KJFK,4
4,KONT,KJFK,4
4,KORD,KBOS,28
4,KORD,KFLL,6
4,KORD,KJFK,12
4,KPDX,KJFK,4
4,KPHL,KBOS,46
4,KPHL,KFLL,12
4,KPHX,KBOS,7
4,KPHX,KFLL,7
4,KPHX,KJFK,7
4,KPIT,KBOS,10
4,KPVD,KFLL,7
4,KPVD,KMCO,1
4,KRDU,KBOS,26
4,KRDU,KDCA,1
4,KRDU,KFLL,11
4,KRDU,KJFK,13
4,KROC,KBOS,7
4,KROC,KJFK,21
4,KRSW,KBOS,34
4,KRSW,KDCA,11
4,KRSW,KEWR,13
4,KRSW,KJFK,13
4,KSAN,KBOS,19
4,KSAN,KFLL,4
4,KSAN,KJFK,12
4,KSEA,KBOS,12
4,KSEA,KJFK,12
4,KSFO,KBOS,30
4,KSFO,KFLL,17
4,KSFO,KJFK,42
4,KSJC,KJFK,4
4,KSMF,KJFK,5
4,KSRQ,KBOS,6
4,KSRQ,KJFK,7
4,KSYR,KBOS,5
4,KSYR,KJFK,6
4,KSYR,KMCO,1
4,KTPA,KBOS,27
4,KTPA,KEWR,13
4,KTPA,KJFK,20
5,KABQ,KJFK,4
5,KATL,KBOS,30
5,KATL,KFLL,12
5,KATL,KJFK,14
5,KATL,KMCO,1
5,KATL,KSFB,1
5,KAUS,KBOS,12
5,KAUS,KFLL,6
5,KAUS,KJFK,11
5,KAUS,KMCO,2
5,KBDL,KRSW,1
5,KBNA,KBOS,7
5,KBNA,KFLL,7
5,KBOS,KATL,29
5,KBOS,KAUS,4
5,KBOS,KBNA,7
5,KBOS,KBOS,18
5,KBOS,KBUF,9
5,KBOS,KBWI,26
5,KBOS,KCLE,9
5,KBOS,KCLT,27
5,KBOS,KDCA,95
5,KBOS,KDEN,6
5,KBOS,KDFW,12
5,KBOS,KDTW,17
5,KBOS,KEWR,51
5,KBOS,KFLL,31
5,KBOS,KIAH,7
5,KBOS,KJFK,40
5,KBOS,KLAS,16
5,KBOS,KLAX,25
5,KBOS,KLGA,36
5,KBOS,KMCO,5
5,KBOS,KMSP,16
5,KBOS,KORD,28
5,KBOS,KPHL,51
5,KBOS,KPHX,6
5,KBOS,KPIT,1
5,KBOS,KRDU,31
5,KBOS,KROC,6
5,KBOS,KRSW,34
5,KBOS,KSAN,18
5,KBOS,KSEA,13
5,KBOS,KSFB,1
5,KBOS,KSFO,30
5,KBOS,KSRQ,7
5,KBOS,KTPA,26
5,KBUF,KBOS,19
5,KBUF,KFLL,6
5,KBUF,KJFK,31
5,KBUF,KLAX,2
5,KBUF,KMCO,1
5,KBWI,KBOS,26
5,KCLE,KBOS,21
5,KCLE,KFLL,7
5,KCLT,KBOS,23
5,KDCA,KBOS,96
5,KDCA,KFLL,33
5,KDCA,KRSW,11
5,KDEN,KBOS,12
5,KDEN,KJFK,7
5,KDFW,KBOS,12
5,KDTW,KBOS,20
5,KEWR,KBOS,49
5,KEWR,KEWR,1
5,KEWR,KFLL,32
5,KEWR,KJFK,2
5,KEWR,KMCO,11
5,KEWR,KRSW,13
5,KEWR,KSFB,1
5,KEWR,KTPA,14
5,KFLL,KATL,14
5,KFLL,KAUS,1
5,KFLL,KBNA,7
5,KFLL,KBOS,36
5,KFLL,KBUF,5
5,KFLL,KCLE,4
5,KFLL,KDCA,39
5,KFLL,KEWR,39
5,KFLL,KFLL,6
5,KFLL,KJFK,55
5,KFLL,KLAS,12
5,KFLL,KLAX,26
5,KFLL,KLGA,26
5,KFLL,KOAK,1
5,KFLL,KORD,7
5,KFLL,KPHL,13
5,KFLL,KPHX,7
5,KFLL,KPVD,6
5,KFLL,KRDU,14
5,KFLL,KSAN,3
5,KFLL,KSFO,17
5,KFLL,KSLC,2
5,KFLL,KSRQ,1
5,KIAH,KBOS,5
5,KIAH,KJFK,7
5,KJFK,KABQ,3
5,KJFK,KATL,14
5,KJFK,KAUS,4
5,KJFK,KBOS,42
5,KJFK,KBUF,16
5,KJFK,KDEN,3
5,KJFK,KEWR,1
5,KJFK,KFLL,55
5,KJFK,KIAH,7
5,KJFK,KJFK,35
5,KJFK,KLAS,14
5,KJFK,KLAX,50
5,KJFK,KLGA,1
5,KJFK,KMCO,12
5,KJFK,KOAK,5
5,KJFK,KONT,1
5,KJFK,KORD,14
5,KJFK,KPDX,4
5,KJFK,KPHX,7
5,KJFK,KRDU,13
5,KJFK,KROC,21
5,KJFK,KRSW,15
5,KJFK,KSAN,12
5,KJFK,KSEA,12
5,KJFK,KSFO,45
5,KJFK,KSJC,3
5,KJFK,KSMF,4
5,KJFK,KSRQ,6
5,KJFK,KSYR,1
5,KJFK,KTPA,20
5,KLAS,KBOS,25
5,KLAS,KFLL,9
5,KLAS,KJFK,22
5,KLAX,KBOS,24
5,KLAX,KBUF,3
5,KLAX,KFLL,23
5,KLAX,KJFK,59
5,KLGA,KBOS,35
5,KLGA,KDCA,1
5,KLGA,KFLL,26
5,KLGA,KJFK,1
5,KLGA,KLGA,1
5,KLGA,KMCO,4
5,KMCO,KJFK,1
5,KMSP,KBOS,20
5,KOAK,KJFK,4
5,KOAK,KSFO,1
5,KONT,KJFK,4
5,KORD,KBOS,28
5,KORD,KFLL,6
5,KORD,KJFK,14
5,KPDX,KJFK,4
5,KPDX,KLAX,1
5,KPHL,KBOS,43
5,KPHL,KFLL,10
5,KPHX,KBOS,7
5,KPHX,KFLL,7
5,KPHX,KJFK,8
5,KPIT,KBOS,13
5,KPVD,KFLL,6
5,KPVD,KMCO,2
5,KRDU,KBOS,26
5,KRDU,KFLL,11
5,KRDU,KJFK,13
5,KRDU,KRDU,1
5,KROC,KBOS,7
5,KROC,KJFK,21
5,KRSW,KBOS,36
5,KRSW,KDCA,13
5,KRSW,KEWR,14
5,KRSW,KJFK,17
5,KSAN,KBOS,19
5,KSAN,KFLL,4
5,KSAN,KJFK,12
5,KSEA,KBOS,10
5,KSEA,KJFK,12
5,KSEA,KLAX,1
5,KSFO,KBOS,31
5,KSFO,KFLL,17
5,KSFO,KJFK,43
5,KSFO,KRSW,1
5,KSJC,KJFK,4
5,KSLC,KBOS,2
5,KSMF,KJFK,5
5,KSRQ,KBOS,7
5,KSRQ,KJFK,7
5,KSYR,KBOS,5
5,KSYR,KJFK,8
5,KSYR,KMCO,2
5,KTPA,KBOS,26
5,KTPA,KEWR,14
5,KTPA,KJFK,20
6,KABQ,KJFK,4
6,KATL,KBOS,31
6,KATL,KFLL,13
6,KATL,KJFK,16
6,KATL,KMCO,1
6,KAUS,KBOS,11
6,KAUS,KFLL,6
6,KAUS,KJFK,13
6,KBDL,KRSW,1
6,KBNA,KBOS,7
6,KBNA,KFLL,6
6,KBOS,KATL,31
6,KBOS,KAUS,6
6,KBOS,KBNA,7
6,KBOS,KBOS,15
6,KBOS,KBUF,16
6,KBOS,KBWI,26
6,KBOS,KCLE,11
6,KBOS,KCLT,28
6,KBOS,KDCA,95
6,KBOS,KDEN,8
6,KBOS,KDFW,12
6,KBOS,KDTW,15
6,KBOS,KEWR,46
6,KBOS,KFLL,34
6,KBOS,KIAH,7
6,KBOS,KJFK,39
6,KBOS,KLAS,20
6,KBOS,KLAX,26
6,KBOS,KLGA,35
6,KBOS,KMCO,1
6,KBOS,KMSP,20
6,KBOS,KORD,27
6,KBOS,KPHL,50
6,KBOS,KPHX,7
6,KBOS,KRDU,34
6,KBOS,KROC,6
6,KBOS,KRSW,38
6,KBOS,KSAN,19
6,KBOS,KSEA,13
6,KBOS,KSFB,1
6,KBOS,KSFO,33
6,KBOS,KSRQ,6
6,KBOS,KSYR,7
6,KBOS,KTPA,28
6,KBUF,KBOS,20
6,KBUF,KFLL,7
6,KBUF,KJFK,33
6,KBUF,KLAX,4
6,KBUF,KMCO,1
6,KBUF,KSFB,1
6,KBWI,KBOS,26
6,KCLE,KBOS,22
6,KCLE,KFLL,6
6,KCLT,KBOS,7
6,KDCA,KBOS,95
6,KDCA,KDCA,1
6,KDCA,KFLL,41
6,KDCA,KRSW,14
6,KDEN,KBOS,11
6,KDEN,KJFK,7
6,KDEN,KLAX,1
6,KDFW,KBOS,12
6,KDTW,KBOS,19
6,KEWR,KBOS,46
6,KEWR,KDCA,1
6,KEWR,KFLL,39
6,KEWR,KJFK,1
6,KEWR,KMCO,1
6,KEWR,KRSW,14
6,KEWR,KSFB,2
6,KEWR,KTPA,14
6,KFLL,KATL,14
6,KFLL,KAUS,2
6,KFLL,KBNA,7
6,KFLL,KBOS,36
6,KFLL,KBUF,6
6,KFLL,KCLE,7
6,KFLL,KDCA,42
6,KFLL,KEWR,40
6,KFLL,KFLL,3
6,KFLL,KJFK,57
6,KFLL,KLAS,11
6,KFLL,KLAX,26
6,KFLL,KLGA,27
6,KFLL,KORD,7
6,KFLL,KPHL,13
6,KFLL,KPHX,7
6,KFLL,KPVD,7
6,KFLL,KRDU,13
6,KFLL,KSAN,4
6,KFLL,KSFO,18
6,KFLL,KSLC,2
6,KIAH,KBOS,6
6,KIAH,KJFK,7
6,KJFK,KABQ,3
6,KJFK,KATL,16
6,KJFK,KAUS,8
6,KJFK,KBOS,39
6,KJFK,KBUF,27
6,KJFK,KCLE,1
6,KJFK,KDEN,6
6,KJFK,KFLL,54
6,KJFK,KIAH,7
6,KJFK,KJFK,35
6,KJFK,KLAS,15
6,KJFK,KLAX,55
6,KJFK,KMCO,1
6,KJFK,KOAK,3
6,KJFK,KONT,1
6,KJFK,KORD,14
6,KJFK,KPDX,4
6,KJFK,KPHX,7
6,KJFK,KRDU,13
6,KJFK,KROC,19
6,KJFK,KRSW,22
6,KJFK,KSAN,13
6,KJFK,KSEA,13
6,KJFK,KSFO,45
6,KJFK,KSJC,5
6,KJFK,KSLC,1
6,KJFK,KSMF,5
6,KJFK,KSRQ,6
6,KJFK,KSYR,9
6,KJFK,KTPA,21
6,KLAS,KBOS,26
6,KLAS,KFLL,12
6,KLAS,KJFK,22
6,KLAX,KBOS,26
6,KLAX,KBUF,3
6,KLAX,KFLL,27
6,KLAX,KJFK,60
6,KLGA,KBOS,36
6,KLGA,KDCA,3
6,KLGA,KFLL,28
6,KLGA,KLGA,3
6,KLGA,KMCO,3
6,KMSP,KBOS,20
6,KOAK,KJFK,4
6,KONT,KJFK,4
6,KORD,KBOS,28
6,KORD,KFLL,6
6,KORD,KJFK,14
6,KPDX,KJFK,4
6,KPHL,KBOS,45
6,KPHL,KFLL,12
6,KPHX,KBOS,6
6,KPHX,KFLL,7
6,KPHX,KJFK,8
6,KPIT,KBOS,13
6,KPVD,KEWR,2
6,KPVD,KFLL,6
6,KPVD,KMCO,1
6,KPVD,KSFB,1
6,KRDU,KBOS,26
6,KRDU,KCLT,1
6,KRDU,KDCA,1
6,KRDU,KFLL,14
6,KRDU,KJFK,13
6,KROC,KBOS,6
6,KROC,KJFK,19
6,KRSW,KBOS,42
6,KRSW,KDCA,13
6,KRSW,KEWR,14
6,KRSW,KJFK,22
6,KSAN,KBOS,20
6,KSAN,KFLL,4
6,KSAN,KJFK,13
6,KSEA,KBOS,13
6,KSEA,KJFK,13
6,KSFO,KBOS,32
6,KSFO,KFLL,20
6,KSFO,KJFK,47
6,KSJC,KJFK,4
6,KSJC,KSFO,1
6,KSLC,KJFK,1
6,KSMF,KJFK,5
6,KSRQ,KBOS,7
6,KSRQ,KJFK,7
6,KSYR,KBOS,7
6,KSYR,KJFK,12
6,KTPA,KBOS,28
6,KTPA,KEWR,14
6,KTPA,KJFK,21
7,KABQ,KJFK,5
7,KATL,KBOS,26
7,KATL,KFLL,15
7,KATL,KJFK,10
7,KATL,KSFB,2
7,KAUS,KBOS,11
7,KAUS,KFLL,7
7,KAUS,KJFK,13
7,KBNA,KBOS,11
7,KBNA,KFLL,7
7,KBOS,KATL,25
7,KBOS,KAUS,1
7,KBOS,KBNA,11
7,KBOS,KBOS,17
7,KBOS,KBUF,9
7,KBOS,KBWI,28
7,KBOS,KCLE,6
7,KBOS,KCLT,29
7,KBOS,KDCA,90
7,KBOS,KDEN,9
7,KBOS,KDFW,10
7,KBOS,KDTW,17
7,KBOS,KEWR,37
7,KBOS,KFLL,44
7,KBOS,KIAH,7
7,KBOS,KJFK,43
7,KBOS,KLAS,16
7,KBOS,KLAX,24
7,KBOS,KLGA,34
7,KBOS,KMCO,4
7,KBOS,KMSP,15
7,KBOS,KORD,25
7,KBOS,KORF,1
7,KBOS,KPHL,40
7,KBOS,KPHX,6
7,KBOS,KRDU,31
7,KBOS,KROC,7
7,KBOS,KRSW,41
7,KBOS,KSAN,14
7,KBOS,KSEA,14
7,KBOS,KSFB,1
7,KBOS,KSFO,33
7,KBOS,KSJC,3
7,KBOS,KSLC,1
7,KBOS,KSRQ,8
7,KBOS,KSYR,5
7,KBOS,KTPA,37
7,KBUF,KBOS,19
7,KBUF,KFLL,7
7,KBUF,KJFK,27
7,KBUF,KLAX,4
7,KBWI,KBOS,28
7,KBWI,KDCA,1
7,KCLE,KBOS,17
7,KCLE,KFLL,7
7,KCLT,KBOS,12
7,KDCA,KBOS,92
7,KDCA,KDCA,3
7,KDCA,KFLL,40
7,KDCA,KMCO,1
7,KDCA,KRSW,15
7,KDCA,KSFB,1
7,KDEN,KBOS,12
7,KDEN,KJFK,7
7,KDFW,KBOS,10
7,KDTW,KBOS,21
7,KEWR,KBOS,39
7,KEWR,KEWR,1
7,KEWR,KFLL,37
7,KEWR,KJFK,2
7,KEWR,KMCO,4
7,KEWR,KRSW,15
7,KEWR,KSFB,1
7,KEWR,KTPA,17
7,KFLL,KATL,14
7,KFLL,KAUS,1
7,KFLL,KBNA,7
7,KFLL,KBOS,47
7,KFLL,KBUF,5
7,KFLL,KCLE,5
7,KFLL,KDCA,37
7,KFLL,KEWR,38
7,KFLL,KFLL,3
7,KFLL,KJFK,59
7,KFLL,KLAS,10
7,KFLL,KLAX,25
7,KFLL,KLGA,28
7,KFLL,KORD,7
7,KFLL,KPHL,13
7,KFLL,KPHX,8
7,KFLL,KPVD,7
7,KFLL,KRDU,14
7,KFLL,KSAN,4
7,KFLL,KSFO,15
7,KFLL,KSLC,2
7,KIAH,KBOS,6
7,KIAH,KJFK,7
7,KJFK,KABQ,5
7,KJFK,KATL,10
7,KJFK,KAUS,5
7,KJFK,KBOS,41
7,KJFK,KBUF,13
7,KJFK,KDEN,3
7,KJFK,KEWR,1
7,KJFK,KFLL,58
7,KJFK,KIAH,7
7,KJFK,KJFK,35
7,KJFK,KLAS,10
7,KJFK,KLAX,58
7,KJFK,KLGA,1
7,KJFK,KMCO,5
7,KJFK,KOAK,4
7,KJFK,KONT,1
7,KJFK,KORD,14
7,KJFK,KPDX,4
7,KJFK,KPHX,7
7,KJFK,KRDU,15
7,KJFK,KROC,20
7,KJFK,KRSW,22
7,KJFK,KSAN,12
7,KJFK,KSEA,12
7,KJFK,KSFB,2
7,KJFK,KSFO,41
7,KJFK,KSJC,4
7,KJFK,KSLC,1
7,KJFK,KSMF,5
7,KJFK,KSRQ,11
7,KJFK,KSYR,13
7,KJFK,KTPA,32
7,KLAS,KBOS,25
7,KLAS,KFLL,9
7,KLAS,KJFK,21
7,KLAX,KBOS,25
7,KLAX,KBUF,3
7,KLAX,KFLL,23
7,KLAX,KJFK,65
7,KLGA,KBOS,35
7,KLGA,KDCA,3
7,KLGA,KFLL,28
7,KLGA,KLGA,1
7,KLGA,KMCO,1
7,KMSP,KBOS,17
7,KOAK,KJFK,4
7,KONT,KJFK,5
7,KORD,KBOS,24
7,KORD,KFLL,7
7,KORD,KJFK,14
7,KPDX,KJFK,4
7,KPDX,KLAX,1
7,KPHL,KBOS,38
7,KPHL,KFLL,14
7,KPHX,KBOS,7
7,KPHX,KFLL,6
7,KPHX,KJFK,7
7,KPIT,KBOS,9
7,KPVD,KEWR,1
7,KPVD,KFLL,7
7,KRDU,KBOS,22
7,KRDU,KCLT,1
7,KRDU,KFLL,14
7,KRDU,KJFK,14
7,KROC,KBOS,7
7,KROC,KJFK,20
7,KRSW,KBOS,41
7,KRSW,KDCA,15
7,KRSW,KEWR,19
7,KRSW,KJFK,24
7,KSAN,KBOS,15
7,KSAN,KFLL,5
7,KSAN,KJFK,12
7,KSEA,KBOS,12
7,KSEA,KJFK,12
7,KSEA,KONT,1
7,KSFO,KBOS,33
7,KSFO,KFLL,15
7,KSFO,KJFK,41
7,KSJC,KBOS,3
7,KSJC,KJFK,5
7,KSLC,KFLL,1
7,KSMF,KJFK,6
7,KSRQ,KBOS,10
7,KSRQ,KJFK,11
7,KSYR,KBOS,7
7,KSYR,KJFK,14
7,KTPA,KBOS,37
7,KTPA,KEWR,17
7,KTPA,KJFK,32
8,KABQ,KJFK,5
8,KATL,KBOS,21
8,KATL,KFLL,14
8,KATL,KJFK,7
8,KATL,KMCO,1
8,KAUS,KBOS,14
8,KAUS,KFLL,7
8,KAUS,KJFK,13
8,KAUS,KMCO,1
8,KBNA,KBOS,14
8,KBNA,KFLL,6
8,KBOS,KATL,21
8,KBOS,KAUS,6
8,KBOS,KBNA,14
8,KBOS,KBOS,12
8,KBOS,KBUF,13
8,KBOS,KBWI,31
8,KBOS,KCLE,2
8,KBOS,KCLT,32
8,KBOS,KDCA,89
8,KBOS,KDEN,6
8,KBOS,KDFW,7
8,KBOS,KDTW,12
8,KBOS,KEWR,27
8,KBOS,KFLL,49
8,KBOS,KIAH,7
8,KBOS,KJFK,46
8,KBOS,KLAS,15
8,KBOS,KLAX,24
8,KBOS,KLGA,36
8,KBOS,KMCO,12
8,KBOS,KMSP,11
8,KBOS,KORD,17
8,KBOS,KPHL,30
8,KBOS,KPHX,7
8,KBOS,KRDU,25
8,KBOS,KROC,7
8,KBOS,KRSW,50
8,KBOS,KSAN,13
8,KBOS,KSEA,12
8,KBOS,KSFO,34
8,KBOS,KSJC,5
8,KBOS,KSLC,1
8,KBOS,KSRQ,13
8,KBOS,KSYR,7
8,KBOS,KTPA,36
8,KBUF,KBOS,19
8,KBUF,KFLL,7
8,KBUF,KJFK,28
8,KBUF,KLAX,4
8,KBUF,KMCO,1
8,KBWI,KBOS,31
8,KCLE,KBOS,12
8,KCLE,KFLL,7
8,KCLT,KBOS,19
8,KDCA,KBOS,88
8,KDCA,KDCA,4
8,KDCA,KFLL,38
8,KDCA,KRSW,15
8,KDEN,KBOS,13
8,KDEN,KJFK,7
8,KDEN,KOAK,1
8,KDFW,KBOS,7
8,KDTW,KBOS,16
8,KEWR,KBOS,26
8,KEWR,KEWR,5
8,KEWR,KFLL,41
8,KEWR,KJFK,4
8,KEWR,KMCO,8
8,KEWR,KRSW,19
8,KEWR,KTPA,16
8,KFLL,KATL,14
8,KFLL,KAUS,2
8,KFLL,KBNA,7
8,KFLL,KBOS,49
8,KFLL,KBUF,6
8,KFLL,KCLE,5
8,KFLL,KDCA,40
8,KFLL,KEWR,42
8,KFLL,KFLL,5
8,KFLL,KJFK,60
8,KFLL,KLAS,8
8,KFLL,KLAX,21
8,KFLL,KLGA,28
8,KFLL,KORD,7
8,KFLL,KPHL,14
8,KFLL,KPHX,6
8,KFLL,KPVD,7
8,KFLL,KRDU,13
8,KFLL,KSAN,7
8,KFLL,KSFO,14
8,KIAH,KBOS,7
8,KIAH,KJFK,7
8,KJFK,KABQ,5
8,KJFK,KATL,7
8,KJFK,KAUS,5
8,KJFK,KBOS,45
8,KJFK,KBUF,18
8,KJFK,KDEN,2
8,KJFK,KEWR,2
8,KJFK,KFLL,59
8,KJFK,KIAH,7
8,KJFK,KJFK,45
8,KJFK,KLAS,7
8,KJFK,KLAX,65
8,KJFK,KMCO,12
8,KJFK,KOAK,3
8,KJFK,KONT,2
8,KJFK,KORD,14
8,KJFK,KPDX,4
8,KJFK,KPHX,7
8,KJFK,KRDU,14
8,KJFK,KROC,21
8,KJFK,KRSW,28
8,KJFK,KSAN,12
8,KJFK,KSEA,13
8,KJFK,KSFO,40
8,KJFK,KSJC,5
8,KJFK,KSLC,1
8,KJFK,KSMF,7
8,KJFK,KSRQ,14
8,KJFK,KSYR,14
8,KJFK,KTPA,32
8,KLAS,KBOS,22
8,KLAS,KFLL,7
8,KLAS,KJFK,21
8,KLAX,KBOS,27
8,KLAX,KBUF,5
8,KLAX,KFLL,20
8,KLAX,KJFK,74
8,KLGA,KBOS,35
8,KLGA,KFLL,26
8,KLGA,KJFK,1
8,KLGA,KLGA,2
8,KLGA,KMCO,3
8,KMCO,KEWR,1
8,KMSP,KBOS,14
8,KOAK,KJFK,4
8,KONT,KJFK,7
8,KORD,KBOS,18
8,KORD,KFLL,6
8,KORD,KJFK,14
8,KPDX,KJFK,4
8,KPHL,KBOS,30
8,KPHL,KEWR,1
8,KPHL,KFLL,12
8,KPHX,KBOS,7
8,KPHX,KFLL,7
8,KPHX,KJFK,7
8,KPIT,KBOS,14
8,KPVD,KFLL,7
8,KPVD,KMCO,1
8,KRDU,KBOS,19
8,KRDU,KFLL,13
8,KRDU,KJFK,14
8,KROC,KBOS,7
8,KROC,KJFK,21
8,KRSW,KBOS,53
8,KRSW,KDCA,21
8,KRSW,KEWR,20
8,KRSW,KJFK,28
8,KRSW,KPHL,1
8,KSAN,KBOS,13
8,KSAN,KFLL,7
8,KSAN,KJFK,12
8,KSEA,KBOS,13
8,KSEA,KJFK,13
8,KSFO,KBOS,34
8,KSFO,KFLL,14
8,KSFO,KJFK,40
8,KSJC,KBOS,5
8,KSJC,KJFK,5
8,KSLC,KBOS,1
8,KSMF,KJFK,7
8,KSRQ,KBOS,13
8,KSRQ,KJFK,14
8,KSYR,KBOS,7
8,KSYR,KJFK,15
8,KTPA,KBOS,42
8,KTPA,KEWR,18
8,KTPA,KJFK,39
9,KABQ,KJFK,5
9,KATL,KBOS,27
9,KATL,KFLL,14
9,KATL,KJFK,13
9,KAUS,KBOS,12
9,KAUS,KFLL,6
9,KAUS,KJFK,14
9,KBDL,KMCO,1
9,KBDL,KRSW,1
9,KBNA,KBOS,14
9,KBNA,KFLL,6
9,KBOS,KATL,28
9,KBOS,KAUS,4
9,KBOS,KBNA,14
9,KBOS,KBOS,11
9,KBOS,KBUF,20
9,KBOS,KBWI,31
9,KBOS,KCLE,4
9,KBOS,KCLT,29
9,KBOS,KDCA,85
9,KBOS,KDEN,8
9,KBOS,KDFW,11
9,KBOS,KDTW,11
9,KBOS,KEWR,31
9,KBOS,KFLL,42
9,KBOS,KIAH,7
9,KBOS,KJFK,41
9,KBOS,KLAS,15
9,KBOS,KLAX,25
9,KBOS,KLGA,36
9,KBOS,KMCO,2
9,KBOS,KMSP,13
9,KBOS,KORD,24
9,KBOS,KPHL,42
9,KBOS,KPHX,7
9,KBOS,KRDU,31
9,KBOS,KROC,7
9,KBOS,KRSW,52
9,KBOS,KSAN,13
9,KBOS,KSEA,13
9,KBOS,KSFB,1
9,KBOS,KSFO,34
9,KBOS,KSJC,5
9,KBOS,KSRQ,14
9,KBOS,KSYR,7
9,KBOS,KTPA,14
9,KBUF,KBOS,21
9,KBUF,KFLL,7
9,KBUF,KJFK,33
9,KBUF,KLAX,3
9,KBUF,KMCO,1
9,KBWI,KBOS,31
9,KCLE,KBOS,17
9,KCLE,KFLL,6
9,KCLT,KBOS,14
9,KDCA,KBOS,88
9,KDCA,KDCA,1
9,KDCA,KFLL,31
9,KDCA,KMCO,1
9,KDCA,KRSW,13
9,KDEN,KBOS,13
9,KDEN,KJFK,6
9,KDFW,KBOS,11
9,KDTW,KBOS,14
9,KEWR,KBOS,37
9,KEWR,KDAB,1
9,KEWR,KEWR,1
9,KEWR,KFLL,29
9,KEWR,KJFK,1
9,KEWR,KMCO,1
9,KEWR,KRSW,16
9,KEWR,KSFB,1
9,KEWR,KTPA,5
9,KFLL,KATL,14
9,KFLL,KAUS,2
9,KFLL,KBNA,7
9,KFLL,KBOS,43
9,KFLL,KBUF,7
9,KFLL,KCLE,6
9,KFLL,KDCA,39
9,KFLL,KEWR,30
9,KFLL,KFLL,6
9,KFLL,KJFK,58
9,KFLL,KLAS,7
9,KFLL,KLAX,20
9,KFLL,KLGA,26
9,KFLL,KORD,7
9,KFLL,KPHL,14
9,KFLL,KPHX,7
9,KFLL,KPVD,7
9,KFLL,KRDU,13
9,KFLL,KSAN,7
9,KFLL,KSFO,14
9,KFLL,KSLC,1
9,KIAH,KBOS,7
9,KIAH,KJFK,7
9,KJFK,KABQ,5
9,KJFK,KATL,13
9,KJFK,KAUS,7
9,KJFK,KBOS,39
9,KJFK,KBUF,33
9,KJFK,KDEN,2
9,KJFK,KEWR,1
9,KJFK,KFLL,57
9,KJFK,KIAH,7
9,KJFK,KJFK,34
9,KJFK,KLAS,9
9,KJFK,KLAX,66
9,KJFK,KLGA,1
9,KJFK,KMCO,2
9,KJFK,KOAK,4
9,KJFK,KONT,1
9,KJFK,KORD,12
9,KJFK,KPDX,4
9,KJFK,KPHX,7
9,KJFK,KRDU,14
9,KJFK,KROC,21
9,KJFK,KRSW,27
9,KJFK,KSAN,13
9,KJFK,KSEA,13
9,KJFK,KSFB,1
9,KJFK,KSFO,40
9,KJFK,KSJC,5
9,KJFK,KSLC,1
9,KJFK,KSMF,7
9,KJFK,KSRQ,13
9,KJFK,KSYR,13
9,KJFK,KTPA,9
9,KLAS,KBOS,21
9,KLAS,KFLL,7
9,KLAS,KJFK,21
9,KLAX,KBOS,27
9,KLAX,KBUF,5
9,KLAX,KFLL,20
9,KLAX,KJFK,74
9,KLGA,KBOS,34
9,KLGA,KFLL,28
9,KLGA,KLGA,4
9,KMSP,KBOS,19
9,KOAK,KJFK,4
9,KONT,KJFK,5
9,KORD,KBOS,24
9,KORD,KFLL,7
9,KORD,KJFK,13
9,KPDX,KJFK,4
9,KPHL,KBOS,42
9,KPHL,KFLL,14
9,KPHX,KBOS,7
9,KPHX,KFLL,7
9,KPHX,KJFK,7
9,KPIT,KBOS,17
9,KPVD,KFLL,7
9,KRDU,KBOS,26
9,KRDU,KFLL,14
9,KRDU,KJFK,14
9,KROC,KBOS,7
9,KROC,KJFK,21
9,KRSW,KBOS,57
9,KRSW,KDCA,19
9,KRSW,KEWR,20
9,KRSW,KJFK,28
9,KSAN,KBOS,13
9,KSAN,KFLL,7
9,KSAN,KJFK,13
9,KSEA,KBOS,13
9,KSEA,KJFK,13
9,KSFO,KBOS,34
9,KSFO,KFLL,12
9,KSFO,KJFK,41
9,KSJC,KBOS,5
9,KSJC,KJFK,5
9,KSLC,KJFK,1
9,KSMF,KJFK,7
9,KSRQ,KBOS,15
9,KSRQ,KJFK,14
9,KSYR,KBOS,7
9,KSYR,KJFK,13
9,KTPA,KBOS,24
9,KTPA,KEWR,12
9,KTPA,KJFK,18
10,KABQ,KJFK,7
10,KATL,KBOS,23
10,KATL,KFLL,14
10,KATL,KJFK,14
10,KATL,KMCO,1
10,KAUS,KBOS,13
10,KAUS,KFLL,6
10,KAUS,KJFK,12
10,KBNA,KBOS,11
10,KBOS,KATL,23
10,KBOS,KAUS,2
10,KBOS,KBNA,11
10,KBOS,KBOS,13
10,KBOS,KBUF,15
10,KBOS,KBWI,29
10,KBOS,KCLE,2
10,KBOS,KCLT,31
10,KBOS,KDCA,71
10,KBOS,KDEN,7
10,KBOS,KDFW,11
10,KBOS,KDTW,16
10,KBOS,KEWR,12
10,KBOS,KFLL,34
10,KBOS,KIAH,7
10,KBOS,KJFK,30
10,KBOS,KLAS,20
10,KBOS,KLAX,26
10,KBOS,KLGA,39
10,KBOS,KMCO,1
10,KBOS,KMSP,14
10,KBOS,KORD,21
10,KBOS,KPHL,25
10,KBOS,KPHX,8
10,KBOS,KPIT,1
10,KBOS,KRDU,28
10,KBOS,KROC,7
10,KBOS,KRSW,52
10,KBOS,KSAN,13
10,KBOS,KSEA,14
10,KBOS,KSFO,34
10,KBOS,KSJC,5
10,KBOS,KSRQ,15
10,KBOS,KSYR,6
10,KBOS,KTPA,21
10,KBUF,KBOS,21
10,KBUF,KFLL,7
10,KBUF,KJFK,32
10,KBUF,KLAX,1
10,KBWI,KBOS,29
10,KCLE,KBOS,20
10,KCLT,KBOS,13
10,KDCA,KBOS,79
10,KDCA,KDCA,2
10,KDCA,KFLL,34
10,KDCA,KRSW,16
10,KDEN,KBOS,13
10,KDEN,KJFK,7
10,KDFW,KBOS,12
10,KDTW,KBOS,14
10,KEWR,KBOS,39
10,KEWR,KEWR,3
10,KEWR,KFLL,31
10,KEWR,KJFK,1
10,KEWR,KMCO,3
10,KEWR,KRSW,13
10,KEWR,KTPA,10
10,KFLL,KATL,14
10,KFLL,KAUS,2
10,KFLL,KBNA,6
10,KFLL,KBOS,46
10,KFLL,KBUF,7
10,KFLL,KCLE,2
10,KFLL,KDCA,40
10,KFLL,KEWR,19
10,KFLL,KFLL,2
10,KFLL,KJFK,61
10,KFLL,KLAS,8
10,KFLL,KLAX,20
10,KFLL,KLGA,28
10,KFLL,KORD,7
10,KFLL,KPHL,14
10,KFLL,KPHX,8
10,KFLL,KPVD,7
10,KFLL,KRDU,13
10,KFLL,KSAN,7
10,KFLL,KSFO,15
10,KFLL,KSLC,2
10,KIAH,KBOS,7
10,KIAH,KJFK,7
10,KJFK,KABQ,7
10,KJFK,KATL,14
10,KJFK,KAUS,5
10,KJFK,KBOS,36
10,KJFK,KBUF,33
10,KJFK,KDEN,2
10,KJFK,KFLL,59
10,KJFK,KIAH,7
10,KJFK,KJFK,37
10,KJFK,KLAS,21
10,KJFK,KLAX,55
10,KJFK,KMCO,2
10,KJFK,KOAK,5
10,KJFK,KONT,1
10,KJFK,KORD,6
10,KJFK,KPDX,4
10,KJFK,KPHX,7
10,KJFK,KRDU,7
10,KJFK,KROC,21
10,KJFK,KRSW,25
10,KJFK,KSAN,13
10,KJFK,KSEA,13
10,KJFK,KSFO,40
10,KJFK,KSJC,5
10,KJFK,KSMF,7
10,KJFK,KSRQ,7
10,KJFK,KSYR,10
10,KJFK,KTPA,5
10,KLAS,KBOS,21
10,KLAS,KFLL,6
10,KLAS,KJFK,22
10,KLAX,KBOS,27
10,KLAX,KBUF,4
10,KLAX,KFLL,18
10,KLAX,KJFK,69
10,KLAX,KROC,1
10,KLGA,KBOS,38
10,KLGA,KEWR,1
10,KLGA,KFLL,27
10,KLGA,KJFK,1
10,KLGA,KMCO,1
10,KMSP,KBOS,19
10,KOAK,KJFK,4
10,KORD,KBOS,28
10,KORD,KFLL,7
10,KORD,KJFK,13
10,KPDX,KJFK,4
10,KPHL,KBOS,32
10,KPHL,KFLL,14
10,KPHX,KBOS,7
10,KPHX,KFLL,7
10,KPHX,KJFK,7
10,KPIT,KBOS,17
10,KPVD,KEWR,2
10,KPVD,KFLL,7
10,KPVD,KMCO,2
10,KRDU,KBOS,34
10,KRDU,KFLL,13
10,KRDU,KJFK,15
10,KROC,KBOS,7
10,KROC,KBUF,1
10,KROC,KJFK,21
10,KRSW,KBDL,1
10,KRSW,KBOS,54
10,KRSW,KDCA,21
10,KRSW,KEWR,21
10,KRSW,KJFK,37
10,KSAN,KBOS,13
10,KSAN,KFLL,6
10,KSAN,KJFK,13
10,KSEA,KBOS,12
10,KSEA,KJFK,14
10,KSFO,KBOS,34
10,KSFO,KFLL,13
10,KSFO,KJFK,39
10,KSJC,KBOS,5
10,KSJC,KJFK,5
10,KSLC,KFLL,1
10,KSLC,KJFK,1
10,KSMF,KJFK,7
10,KSRQ,KBOS,16
10,KSRQ,KJFK,13
10,KSYR,KBOS,7
10,KSYR,KJFK,7
10,KSYR,KMCO,1
10,KTPA,KBOS,16
10,KTPA,KEWR,8
10,KTPA,KJFK,14
11,KABQ,KJFK,7
11,KATL,KBOS,23
11,KATL,KFLL,14
11,KATL,KJFK,13
11,KATL,KMCO,1
11,KAUS,KBOS,11
11,KAUS,KFLL,10
11,KAUS,KJFK,9
11,KBNA,KBOS,13
11,KBOS,KATL,23
11,KBOS,KAUS,1
11,KBOS,KBNA,13
11,KBOS,KBOS,17
11,KBOS,KBUF,13
11,KBOS,KBWI,26
11,KBOS,KCLE,12
11,KBOS,KCLT,25
11,KBOS,KDCA,68
11,KBOS,KDEN,13
11,KBOS,KDFW,12
11,KBOS,KDTW,15
11,KBOS,KEWR,14
11,KBOS,KFLL,36
11,KBOS,KIAH,7
11,KBOS,KJFK,32
11,KBOS,KLAS,28
11,KBOS,KLAX,24
11,KBOS,KLGA,30
11,KBOS,KMSP,11
11,KBOS,KORD,20
11,KBOS,KPHL,17
11,KBOS,KPHX,7
11,KBOS,KPIT,1
11,KBOS,KRDU,29
11,KBOS,KROC,7
11,KBOS,KRSW,45
11,KBOS,KSAN,13
11,KBOS,KSEA,13
11,KBOS,KSFO,34
11,KBOS,KSJC,5
11,KBOS,KSRQ,8
11,KBOS,KSYR,6
11,KBOS,KTPA,25
11,KBUF,KBOS,26
11,KBUF,KFLL,7
11,KBUF,KJFK,33
11,KBUF,KLAX,2
11,KBUF,KPVD,1
11,KBWI,KBOS,28
11,KCLE,KBOS,25
11,KCLT,KBOS,16
11,KDCA,KBOS,80
11,KDCA,KDCA,4
11,KDCA,KFLL,41
11,KDCA,KRSW,18
11,KDCA,KSFB,1
11,KDEN,KBOS,13
11,KDEN,KJFK,7
11,KDFW,KBOS,11
11,KDTW,KBOS,6
11,KEWR,KBOS,27
11,KEWR,KEWR,3
11,KEWR,KFLL,34
11,KEWR,KMCO,1
11,KEWR,KRSW,20
11,KEWR,KTPA,15
11,KFLL,KATL,14
11,KFLL,KAUS,6
11,KFLL,KBNA,7
11,KFLL,KBOS,43
11,KFLL,KBUF,7
11,KFLL,KCLE,5
11,KFLL,KDCA,41
11,KFLL,KEWR,21
11,KFLL,KFLL,1
11,KFLL,KJFK,65
11,KFLL,KLAS,6
11,KFLL,KLAX,20
11,KFLL,KLGA,27
11,KFLL,KORD,7
11,KFLL,KPHL,14
11,KFLL,KPHX,7
11,KFLL,KPVD,7
11,KFLL,KRDU,14
11,KFLL,KSAN,6
11,KFLL,KSFO,14
11,KFLL,KSLC,2
11,KIAH,KBOS,7
11,KIAH,KJFK,7
11,KJFK,KABQ,7
11,KJFK,KATL,14
11,KJFK,KAUS,3
11,KJFK,KBOS,51
11,KJFK,KBUF,33
11,KJFK,KDEN,5
11,KJFK,KEWR,2
11,KJFK,KFLL,66
11,KJFK,KIAH,7
11,KJFK,KJFK,39
11,KJFK,KLAS,21
11,KJFK,KLAX,63
11,KJFK,KOAK,4
11,KJFK,KORD,7
11,KJFK,KPDX,5
11,KJFK,KPHX,7
11,KJFK,KRDU,7
11,KJFK,KROC,21
11,KJFK,KRSW,35
11,KJFK,KSAN,13
11,KJFK,KSEA,13
11,KJFK,KSFB,1
11,KJFK,KSFO,40
11,KJFK,KSJC,5
11,KJFK,KSLC,1
11,KJFK,KSMF,7
11,KJFK,KSRQ,7
11,KJFK,KSYR,13
11,KJFK,KTPA,7
11,KLAS,KBOS,27
11,KLAS,KFLL,7
11,KLAS,KJFK,21
11,KLAX,KBOS,27
11,KLAX,KBUF,5
11,KLAX,KFLL,21
11,KLAX,KJFK,73
11,KLGA,KBOS,28
11,KLGA,KEWR,2
11,KLGA,KFLL,27
11,KLGA,KLGA,2
11,KLGA,KSFB,1
11,KMSP,KBOS,19
11,KMSP,KBUF,1
11,KOAK,KJFK,4
11,KONT,KSAN,1
11,KORD,KBOS,26
11,KORD,KDTW,1
11,KORD,KFLL,7
11,KORD,KJFK,14
11,KPDX,KJFK,5
11,KPHL,KBOS,22
11,KPHL,KFLL,14
11,KPHX,KBOS,7
11,KPHX,KFLL,7
11,KPHX,KJFK,7
11,KPIT,KBOS,10
11,KPVD,KBOS,1
11,KPVD,KFLL,7
11,KPVD,KLGA,1
11,KPVD,KMCO,1
11,KRDU,KBOS,32
11,KRDU,KFLL,14
11,KRDU,KJFK,14
11,KROC,KBOS,7
11,KROC,KJFK,21
11,KRSW,KBOS,45
11,KRSW,KDCA,21
11,KRSW,KEWR,20
11,KRSW,KJFK,40
11,KSAN,KBOS,13
11,KSAN,KFLL,7
11,KSAN,KJFK,13
11,KSEA,KBOS,13
11,KSEA,KJFK,13
11,KSFO,KBOS,34
11,KSFO,KFLL,14
11,KSFO,KJFK,40
11,KSJC,KBOS,5
11,KSJC,KJFK,5
11,KSLC,KJFK,1
11,KSMF,KJFK,7
11,KSRQ,KBOS,8
11,KSRQ,KJFK,13
11,KSYR,KBOS,6
11,KSYR,KJFK,7
11,KSYR,KSFB,1
11,KTPA,KBOS,40
11,KTPA,KEWR,20
11,KTPA,KJFK,26
12,KABQ,KJFK,7
12,KATL,KBOS,25
12,KATL,KFLL,14
12,KATL,KJFK,14
12,KAUS,KBOS,13
12,KAUS,KFLL,14
12,KAUS,KJFK,11
12,KAUS,KPHL,1
12,KBNA,KBOS,18
12,KBOS,KATL,25
12,KBOS,KAUS,2
12,KBOS,KBNA,18
12,KBOS,KBOS,10
12,KBOS,KBUF,12
12,KBOS,KBWI,22
12,KBOS,KCLE,9
12,KBOS,KCLT,18
12,KBOS,KDCA,57
12,KBOS,KDEN,11
12,KBOS,KDFW,12
12,KBOS,KDTW,14
12,KBOS,KEWR,9
12,KBOS,KFLL,33
12,KBOS,KIAH,7
12,KBOS,KJFK,29
12,KBOS,KLAS,17
12,KBOS,KLAX,24
12,KBOS,KLGA,14
12,KBOS,KMSP,12
12,KBOS,KORD,22
12,KBOS,KPHL,15
12,KBOS,KPHX,7
12,KBOS,KPIT,2
12,KBOS,KRDU,26
12,KBOS,KROC,7
12,KBOS,KRSW,50
12,KBOS,KSAN,13
12,KBOS,KSEA,12
12,KBOS,KSFB,1
12,KBOS,KSFO,33
12,KBOS,KSJC,5
12,KBOS,KSRQ,9
12,KBOS,KSYR,7
12,KBOS,KTPA,14
12,KBUF,KBOS,26
12,KBUF,KFLL,7
12,KBUF,KJFK,33
12,KBUF,KLAX,2
12,KBWI,KBOS,20
12,KBWI,KJFK,2
12,KCLE,KBOS,26
12,KCLT,KBOS,17
12,KCLT,KJFK,1
12,KDCA,KBOS,64
12,KDCA,KDCA,4
12,KDCA,KFLL,39
12,KDCA,KRSW,17
12,KDCA,KSFB,1
12,KDEN,KBOS,12
12,KDEN,KJFK,6
12,KDFW,KBOS,10
12,KDFW,KJFK,1
12,KDTW,KBOS,5
12,KEWR,KBOS,20
12,KEWR,KEWR,3
12,KEWR,KFLL,31
12,KEWR,KJFK,1
12,KEWR,KRSW,17
12,KEWR,KSFB,1
12,KEWR,KTPA,6
12,KFLL,KATL,14
12,KFLL,KAUS,5
12,KFLL,KBNA,7
12,KFLL,KBOS,35
12,KFLL,KBUF,7
12,KFLL,KCLE,5
12,KFLL,KDCA,39
12,KFLL,KEWR,19
12,KFLL,KFLL,1
12,KFLL,KJFK,61
12,KFLL,KLAS,5
12,KFLL,KLAX,19
12,KFLL,KLGA,26
12,KFLL,KORD,7
12,KFLL,KPHL,14
12,KFLL,KPHX,7
12,KFLL,KPVD,7
12,KFLL,KRDU,14
12,KFLL,KSAN,7
12,KFLL,KSFO,14
12,KFLL,KSLC,2
12,KIAH,KBOS,7
12,KIAH,KJFK,6
12,KJFK,KABQ,8
12,KJFK,KATL,13
12,KJFK,KAUS,7
12,KJFK,KBOS,42
12,KJFK,KBUF,34
12,KJFK,KDEN,5
12,KJFK,KFLL,62
12,KJFK,KIAH,7
12,KJFK,KJFK,29
12,KJFK,KLAS,15
12,KJFK,KLAX,61
12,KJFK,KOAK,4
12,KJFK,KORD,8
12,KJFK,KPDX,6
12,KJFK,KPHX,7
12,KJFK,KRDU,7
12,KJFK,KROC,20
12,KJFK,KRSW,29
12,KJFK,KSAN,13
12,KJFK,KSEA,12
12,KJFK,KSFO,36
12,KJFK,KSJC,5
12,KJFK,KSLC,1
12,KJFK,KSMF,7
12,KJFK,KSRQ,6
12,KJFK,KSYR,10
12,KJFK,KTPA,2
12,KLAS,KBOS,18
12,KLAS,KFLL,5
12,KLAS,KJFK,14
12,KLAX,KBOS,25
12,KLAX,KBUF,5
12,KLAX,KFLL,21
12,KLAX,KJFK,67
12,KLAX,KLAS,1
12,KLGA,KBOS,13
12,KLGA,KFLL,25
12,KLGA,KLGA,7
12,KMCO,KBOS,4
12,KMCO,KEWR,3
12,KMSP,KBOS,18
12,KOAK,KJFK,4
12,KORD,KBOS,28
12,KORD,KFLL,7
12,KORD,KJFK,15
12,KPDX,KJFK,7
12,KPHL,KBOS,20
12,KPHL,KFLL,14
12,KPHL,KJFK,1
12,KPHX,KBOS,7
12,KPHX,KFLL,7
12,KPHX,KJFK,7
12,KPIT,KBOS,8
12,KPVD,KFLL,7
12,KPVD,KSFB,1
12,KRDU,KBOS,28
12,KRDU,KFLL,14
12,KRDU,KJFK,14
12,KROC,KBOS,7
12,KROC,KJFK,20
12,KRSW,KBOS,50
12,KRSW,KBWI,1
12,KRSW,KDCA,19
12,KRSW,KEWR,20
12,KRSW,KJFK,36
12,KRSW,KRSW,1
12,KSAN,KBOS,13
12,KSAN,KFLL,7
12,KSAN,KJFK,13
12,KSEA,KBOS,12
12,KSEA,KJFK,11
12,KSFO,KBOS,33
12,KSFO,KFLL,14
12,KSFO,KJFK,37
12,KSJC,KBOS,5
12,KSJC,KJFK,5
12,KSLC,KFLL,1
12,KSMF,KJFK,7
12,KSRQ,KBOS,8
12,KSRQ,KJFK,13
12,KSYR,KBOS,7
12,KSYR,KJFK,7
12,KTPA,KBOS,34
12,KTPA,KEWR,20
12,KTPA,KJFK,27
13,KABQ,KJFK,6
13,KATL,KBOS,16
13,KATL,KFLL,9
13,KATL,KJFK,10
13,KAUS,KBOS,8
13,KAUS,KFLL,4
13,KAUS,KJFK,1
13,KBNA,KBOS,12
13,KBOS,KATL,16
13,KBOS,KAUS,1
13,KBOS,KBNA,12
13,KBOS,KBOS,5
13,KBOS,KBUF,7
13,KBOS,KBWI,8
13,KBOS,KCLE,5
13,KBOS,KCLT,8
13,KBOS,KDCA,24
13,KBOS,KDEN,7
13,KBOS,KDFW,3
13,KBOS,KDTW,7
13,KBOS,KEWR,5
13,KBOS,KFLL,19
13,KBOS,KIAH,5
13,KBOS,KJFK,12
13,KBOS,KLAS,12
13,KBOS,KLAX,15
13,KBOS,KLGA,5
13,KBOS,KMSP,9
13,KBOS,KORD,8
13,KBOS,KPHL,8
13,KBOS,KPHX,4
13,KBOS,KRDU,15
13,KBOS,KROC,5
13,KBOS,KRSW,28
13,KBOS,KSAN,6
13,KBOS,KSEA,9
13,KBOS,KSFB,1
13,KBOS,KSFO,18
13,KBOS,KSJC,4
13,KBOS,KSRQ,6
13,KBOS,KSYR,4
13,KBOS,KTPA,4
13,KBUF,KBOS,10
13,KBUF,KFLL,5
13,KBUF,KJFK,14
13,KBUF,KLAX,2
13,KBWI,KBOS,8
13,KCLE,KBOS,8
13,KCLT,KBOS,9
13,KDCA,KBOS,24
13,KDCA,KDCA,3
13,KDCA,KFLL,13
13,KDCA,KRSW,5
13,KDEN,KBOS,10
13,KDEN,KJFK,6
13,KDFW,KBOS,4
13,KDTW,KBOS,5
13,KEWR,KBOS,11
13,KEWR,KFLL,20
13,KEWR,KRSW,14
13,KEWR,KSFB,1
13,KEWR,KTPA,5
13,KFLL,KATL,10
13,KFLL,KAUS,4
13,KFLL,KBNA,6
13,KFLL,KBOS,20
13,KFLL,KBUF,5
13,KFLL,KCLE,3
13,KFLL,KDCA,15
13,KFLL,KEWR,13
13,KFLL,KFLL,1
13,KFLL,KJFK,31
13,KFLL,KLAS,7
13,KFLL,KLAX,14
13,KFLL,KLGA,10
13,KFLL,KORD,5
13,KFLL,KPHL,10
13,KFLL,KPHX,5
13,KFLL,KPVD,4
13,KFLL,KRDU,5
13,KFLL,KSAN,5
13,KFLL,KSFO,12
13,KIAH,KBOS,5
13,KIAH,KJFK,5
13,KJFK,KABQ,5
13,KJFK,KATL,11
13,KJFK,KAUS,3
13,KJFK,KBOS,20
13,KJFK,KBUF,11
13,KJFK,KDEN,4
13,KJFK,KEWR,1
13,KJFK,KFLL,28
13,KJFK,KIAH,5
13,KJFK,KJFK,11
13,KJFK,KLAS,11
13,KJFK,KLAX,35
13,KJFK,KMCO,1
13,KJFK,KOAK,3
13,KJFK,KPDX,5
13,KJFK,KPHX,5
13,KJFK,KRDU,1
13,KJFK,KROC,11
13,KJFK,KRSW,9
13,KJFK,KSAN,8
13,KJFK,KSEA,3
13,KJFK,KSFB,2
13,KJFK,KSFO,19
13,KJFK,KSJC,3
13,KJFK,KSMF,5
13,KJFK,KSRQ,4
13,KJFK,KSYR,5
13,KJFK,KTPA,3
13,KLAS,KBOS,11
13,KLAS,KFLL,5
13,KLAS,KJFK,10
13,KLAX,KBOS,17
13,KLAX,KBUF,4
13,KLAX,KFLL,13
13,KLAX,KJFK,36
13,KLGA,KBOS,6
13,KLGA,KFLL,7
13,KLGA,KLGA,3
13,KMCO,KBOS,1
13,KMCO,KEWR,2
13,KMCO,KJFK,1
13,KMSP,KBOS,12
13,KOAK,KJFK,3
13,KORD,KBOS,11
13,KORD,KFLL,4
13,KORD,KJFK,5
13,KPDX,KJFK,3
13,KPHL,KBOS,9
13,KPHL,KFLL,7
13,KPHX,KBOS,4
13,KPHX,KFLL,6
13,KPHX,KJFK,5
13,KPIT,KBOS,6
13,KPVD,KEWR,3
13,KPVD,KFLL,2
13,KPVD,KMCO,1
13,KRDU,KBOS,14
13,KRDU,KFLL,5
13,KRDU,KJFK,4
13,KROC,KBOS,5
13,KROC,KJFK,10
13,KRSW,KBOS,29
13,KRSW,KDCA,7
13,KRSW,KEWR,13
13,KRSW,KJFK,12
13,KSAN,KBOS,7
13,KSAN,KFLL,5
13,KSAN,KJFK,7
13,KSEA,KBOS,8
13,KSEA,KJFK,6
13,KSFO,KBOS,18
13,KSFO,KFLL,11
13,KSFO,KJFK,19
13,KSJC,KBOS,3
13,KSJC,KJFK,5
13,KSLC,KBOS,1
13,KSLC,KJFK,3
13,KSMF,KJFK,6
13,KSRQ,KBOS,6
13,KSRQ,KJFK,4
13,KSYR,KBOS,5
13,KSYR,KJFK,3
13,KTPA,KBOS,19
13,KTPA,KEWR,15
13,KTPA,KJFK,12
14,KATL,KBOS,3
14,KATL,KFLL,1
14,KBNA,KBOS,2
14,KBOS,KATL,1
14,KBOS,KBOS,1
14,KBOS,KBWI,1
14,KBOS,KCLE,1
14,KBOS,KCLT,3
14,KBOS,KDCA,6
14,KBOS,KDEN,1
14,KBOS,KDFW,1
14,KBOS,KDTW,2
14,KBOS,KFLL,2
14,KBOS,KJFK,2
14,KBOS,KLAS,2
14,KBOS,KLAX,3
14,KBOS,KLGA,2
14,KBOS,KMSP,2
14,KBOS,KORD,3
14,KBOS,KPHL,2
14,KBOS,KRDU,1
14,KBOS,KROC,1
14,KBOS,KRSW,2
14,KBOS,KSAN,2
14,KBOS,KSEA,1
14,KBOS,KSFO,2
14,KBUF,KBOS,1
14,KBUF,KFLL,1
14,KBUF,KJFK,1
14,KBWI,KBOS,2
14,KCLE,KBOS,2
14,KCLT,KBOS,3
14,KDCA,KBOS,5
14,KDCA,KFLL,1
14,KDCA,KRSW,2
14,KDEN,KBOS,1
14,KDEN,KJFK,1
14,KEWR,KBOS,1
14,KEWR,KFLL,4
14,KEWR,KJFK,1
14,KEWR,KRSW,1
14,KEWR,KTPA,1
14,KFLL,KATL,1
14,KFLL,KBOS,4
14,KFLL,KDCA,3
14,KFLL,KEWR,2
14,KFLL,KJFK,7
14,KFLL,KLAX,3
14,KFLL,KLGA,2
14,KFLL,KORD,2
14,KFLL,KPHX,1
14,KFLL,KRDU,1
14,KFLL,KSFO,1
14,KJFK,KBOS,5
14,KJFK,KBUF,2
14,KJFK,KFLL,9
14,KJFK,KIAH,1
14,KJFK,KJFK,1
14,KJFK,KLAS,2
14,KJFK,KLAX,6
14,KJFK,KPHX,1
14,KJFK,KROC,2
14,KJFK,KRSW,3
14,KJFK,KSAN,1
14,KJFK,KSFO,5
14,KLAS,KBOS,2
14,KLAS,KFLL,1
14,KLAS,KJFK,2
14,KLAX,KBOS,4
14,KLAX,KFLL,1
14,KLAX,KJFK,6
14,KLGA,KBOS,1
14,KLGA,KFLL,2
14,KMCO,KBOS,1
14,KMCO,KLGA,1
14,KMSP,KBOS,3
14,KORD,KBOS,2
14,KORD,KFLL,2
14,KPDX,KJFK,1
14,KPHL,KBOS,3
14,KPHL,KFLL,1
14,KPHX,KBOS,1
14,KPHX,KFLL,1
14,KPHX,KJFK,1
14,KPIT,KBOS,1
14,KRDU,KBOS,3
14,KROC,KJFK,2
14,KRSW,KBOS,4
14,KRSW,KDCA,2
14,KRSW,KEWR,2
14,KRSW,KJFK,1
14,KSAN,KBOS,3
14,KSAN,KFLL,1
14,KSAN,KJFK,2
14,KSEA,KBOS,2
14,KSEA,KJFK,1
14,KSFO,KBOS,4
14,KSFO,KFLL,2
14,KSFO,KJFK,4
14,KSJC,KJFK,1
14,KSLC,KBOS,1
14,KTPA,KBOS,3
14,KTPA,KEWR,2
